-- phpMyAdmin SQL Dump
-- version 5.2.0
-- https://www.phpmyadmin.net/
--
-- Host: 127.0.0.1
-- Generation Time: Jul 04, 2025 at 02:32 PM
-- Server version: 10.4.24-MariaDB
-- PHP Version: 8.1.6

SET SQL_MODE = "NO_AUTO_VALUE_ON_ZERO";
START TRANSACTION;
SET time_zone = "+00:00";


/*!40101 SET @OLD_CHARACTER_SET_CLIENT=@@CHARACTER_SET_CLIENT */;
/*!40101 SET @OLD_CHARACTER_SET_RESULTS=@@CHARACTER_SET_RESULTS */;
/*!40101 SET @OLD_COLLATION_CONNECTION=@@COLLATION_CONNECTION */;
/*!40101 SET NAMES utf8mb4 */;

--
-- Database: `code_camp_bd_fos`
--

-- --------------------------------------------------------

--
-- Table structure for table `admin`
--

CREATE TABLE `admin` (
  `adm_id` int(11) NOT NULL,
  `username` varchar(222) NOT NULL,
  `password` varchar(222) NOT NULL,
  `email` varchar(222) NOT NULL,
  `code` varchar(222) NOT NULL,
  `date` timestamp NOT NULL DEFAULT current_timestamp() ON UPDATE current_timestamp()
) ENGINE=InnoDB DEFAULT CHARSET=latin1;

--
-- Dumping data for table `admin`
--

INSERT INTO `admin` (`adm_id`, `username`, `password`, `email`, `code`, `date`) VALUES
(1, 'admin', '81dc9bdb52d04dc20036dbd8313ed055', 'admin@gmail.com', '', '2025-07-04 10:50:04'),
(3, 'jipydyvy', 'f3ed11bbdb94fd9ebdefbaf646ab94d3', 'bejubozyfe@mailinator.com', '', '2025-07-04 11:08:12');

-- --------------------------------------------------------

--
-- Table structure for table `dishes`
--

CREATE TABLE `dishes` (
  `d_id` int(11) NOT NULL,
  `rs_id` int(11) NOT NULL,
  `title` varchar(222) NOT NULL,
  `slogan` varchar(222) NOT NULL,
  `price` decimal(10,2) NOT NULL,
  `img` varchar(222) NOT NULL
) ENGINE=InnoDB DEFAULT CHARSET=latin1;

--
-- Dumping data for table `dishes`
--

INSERT INTO `dishes` (`d_id`, `rs_id`, `title`, `slogan`, `price`, `img`) VALUES
(1, 1, 'Yorkshire Lamb Patties', 'Lamb patties which melt in your mouth, and are quick and easy to make. Served hot with a crisp salad.', '8364.00', '62908867a48e4.jpg'),
(2, 1, 'Lobster Thermidor', 'Lobster Thermidor is a French dish of lobster meat cooked in a rich wine sauce, stuffed back into a lobster shell, and browned.', '8873.00', '629089fee52b9.jpg'),
(3, 4, 'Chicken Madeira', 'Chicken Madeira, like Chicken Marsala, is made with chicken, mushrooms, and a special fortified wine. But, the wines are different;', '3276.00', '62908bdf2f581.jpg'),
(4, 1, 'Stuffed Jacket Potatoes', 'Deep fry whole potatoes in oil for 8-10 minutes or coat each potato with little oil. Mix the onions, garlic, tomatoes and mushrooms. Add yoghurt, ginger, garlic, chillies, coriander', '8762.00', '62908d393465b.jpg'),
(7, 2, 'Crispy Chicken Strips', 'Fried chicken strips, served with special honey mustard sauce.', '7131.00', '606d74f6ecbbb.jpg'),
(10, 3, 'Prawn Crackers', '12 pieces deep-fried prawn crackers', '5914.00', '606d75a7e21ec.jpg'),
(14, 4, 'Mac N Cheese Bites', 'Served with our traditional spicy queso and marinara sauce.', '8870.00', '606d768a1b2a1.jpg'),
(17, 2, 'Chicken with Curry Masala', 'A curry flavored Chicken curated by the most expert Chefs.', '8000.00', '6867c8631d0c6.jpg');

-- --------------------------------------------------------

--
-- Table structure for table `remark`
--

CREATE TABLE `remark` (
  `id` int(11) NOT NULL,
  `frm_id` int(11) NOT NULL,
  `status` varchar(255) NOT NULL,
  `remark` mediumtext NOT NULL,
  `remarkDate` timestamp NOT NULL DEFAULT current_timestamp()
) ENGINE=InnoDB DEFAULT CHARSET=latin1;

--
-- Dumping data for table `remark`
--

INSERT INTO `remark` (`id`, `frm_id`, `status`, `remark`, `remarkDate`) VALUES
(16, 25, 'closed', 'Delivered successfully.', '2025-07-04 11:43:10'),
(17, 26, 'in process', '', '2025-07-04 12:02:22'),
(18, 26, 'rejected', '', '2025-07-04 12:02:46'),
(19, 27, 'closed', '', '2025-07-04 12:15:18');

-- --------------------------------------------------------

--
-- Table structure for table `restaurant`
--

CREATE TABLE `restaurant` (
  `rs_id` int(11) NOT NULL,
  `c_id` int(11) NOT NULL,
  `title` varchar(222) NOT NULL,
  `email` varchar(222) NOT NULL,
  `phone` varchar(222) NOT NULL,
  `url` varchar(222) NOT NULL,
  `o_hr` varchar(222) NOT NULL,
  `c_hr` varchar(222) NOT NULL,
  `o_days` varchar(222) NOT NULL,
  `address` text NOT NULL,
  `image` text NOT NULL,
  `date` timestamp NOT NULL DEFAULT current_timestamp() ON UPDATE current_timestamp()
) ENGINE=InnoDB DEFAULT CHARSET=latin1;

--
-- Dumping data for table `restaurant`
--

INSERT INTO `restaurant` (`rs_id`, `c_id`, `title`, `email`, `phone`, `url`, `o_hr`, `c_hr`, `o_days`, `address`, `image`, `date`) VALUES
(1, 1, 'North Street Tavern', 'nthavern@mail.com', '3547854700', 'www.northstreettavern.com', '8am', '8pm', 'mon-sat', '1128 North St, White Plains', '6290877b473ce.jpg', '2022-05-27 08:10:35'),
(2, 2, 'Eataly', 'eataly@gmail.com', '0557426406', 'www.eataly.com', '11am', '9pm', 'Mon-Sat', '800 Boylston St, Boston', '606d720b5fc71.jpg', '2022-05-27 08:06:41'),
(3, 3, 'Nan Xiang Xiao Long Bao', 'nanxiangbao45@mail.com', '1458745855', 'www.nanxiangbao45.com', '9am', '8pm', 'mon-sat', 'Queens, New York', '6290860e72d1e.jpg', '2022-05-27 08:04:30'),
(4, 4, 'Highlands Bar & Grill', 'hbg@mail.com', '6545687458', 'www.hbg.com', '7am', '8pm', 'mon-sat', '812 Walter Street', '6290af6f81887.jpg', '2022-05-27 11:01:03');

-- --------------------------------------------------------

--
-- Table structure for table `res_category`
--

CREATE TABLE `res_category` (
  `c_id` int(11) NOT NULL,
  `c_name` varchar(222) NOT NULL,
  `date` timestamp NOT NULL DEFAULT current_timestamp() ON UPDATE current_timestamp()
) ENGINE=InnoDB DEFAULT CHARSET=latin1;

--
-- Dumping data for table `res_category`
--

INSERT INTO `res_category` (`c_id`, `c_name`, `date`) VALUES
(1, 'Continental', '2022-05-27 08:07:35'),
(2, 'Italian', '2021-04-07 08:45:23'),
(3, 'Chinese', '2021-04-07 08:45:25'),
(4, 'American', '2021-04-07 08:45:28'),
(5, 'Nigerian', '2025-07-04 12:27:03');

-- --------------------------------------------------------

--
-- Table structure for table `users`
--

CREATE TABLE `users` (
  `u_id` int(11) NOT NULL,
  `username` varchar(222) NOT NULL,
  `f_name` varchar(222) NOT NULL,
  `l_name` varchar(222) NOT NULL,
  `email` varchar(222) NOT NULL,
  `phone` varchar(222) NOT NULL,
  `password` varchar(222) NOT NULL,
  `address` text NOT NULL,
  `status` int(11) NOT NULL DEFAULT 1,
  `date` timestamp NOT NULL DEFAULT current_timestamp() ON UPDATE current_timestamp()
) ENGINE=InnoDB DEFAULT CHARSET=latin1;

--
-- Dumping data for table `users`
--

INSERT INTO `users` (`u_id`, `username`, `f_name`, `l_name`, `email`, `phone`, `password`, `address`, `status`, `date`) VALUES
(10, 'Kabriacid', 'Abdullahi', 'Kabri', 'kabriacid01@gmail.com', '07037943396', 'f3ed11bbdb94fd9ebdefbaf646ab94d3', 'Inec Office, Sabon Gari Jalingo,', 1, '2025-07-04 10:44:25');

-- --------------------------------------------------------

--
-- Table structure for table `users_orders`
--

CREATE TABLE `users_orders` (
  `o_id` int(11) NOT NULL,
  `u_id` int(11) NOT NULL,
  `title` varchar(222) NOT NULL,
  `quantity` int(11) NOT NULL,
  `price` decimal(10,2) NOT NULL,
  `status` varchar(222) DEFAULT NULL,
  `date` timestamp NOT NULL DEFAULT current_timestamp() ON UPDATE current_timestamp()
) ENGINE=InnoDB DEFAULT CHARSET=latin1;

--
-- Dumping data for table `users_orders`
--

INSERT INTO `users_orders` (`o_id`, `u_id`, `title`, `quantity`, `price`, `status`, `date`) VALUES
(25, 10, 'Chicken Madeira', 1, '3276.00', 'closed', '2025-07-04 11:43:10'),
(27, 10, 'Crispy Chicken Strips', 1, '7131.00', 'closed', '2025-07-04 12:15:18');

--
-- Indexes for dumped tables
--

--
-- Indexes for table `admin`
--
ALTER TABLE `admin`
  ADD PRIMARY KEY (`adm_id`);

--
-- Indexes for table `dishes`
--
ALTER TABLE `dishes`
  ADD PRIMARY KEY (`d_id`);

--
-- Indexes for table `remark`
--
ALTER TABLE `remark`
  ADD PRIMARY KEY (`id`);

--
-- Indexes for table `restaurant`
--
ALTER TABLE `restaurant`
  ADD PRIMARY KEY (`rs_id`);

--
-- Indexes for table `res_category`
--
ALTER TABLE `res_category`
  ADD PRIMARY KEY (`c_id`);

--
-- Indexes for table `users`
--
ALTER TABLE `users`
  ADD PRIMARY KEY (`u_id`);

--
-- Indexes for table `users_orders`
--
ALTER TABLE `users_orders`
  ADD PRIMARY KEY (`o_id`);

--
-- AUTO_INCREMENT for dumped tables
--

--
-- AUTO_INCREMENT for table `admin`
--
ALTER TABLE `admin`
  MODIFY `adm_id` int(11) NOT NULL AUTO_INCREMENT, AUTO_INCREMENT=4;

--
-- AUTO_INCREMENT for table `dishes`
--
ALTER TABLE `dishes`
  MODIFY `d_id` int(11) NOT NULL AUTO_INCREMENT, AUTO_INCREMENT=18;

--
-- AUTO_INCREMENT for table `remark`
--
ALTER TABLE `remark`
  MODIFY `id` int(11) NOT NULL AUTO_INCREMENT, AUTO_INCREMENT=20;

--
-- AUTO_INCREMENT for table `restaurant`
--
ALTER TABLE `restaurant`
  MODIFY `rs_id` int(11) NOT NULL AUTO_INCREMENT, AUTO_INCREMENT=5;

--
-- AUTO_INCREMENT for table `res_category`
--
ALTER TABLE `res_category`
  MODIFY `c_id` int(11) NOT NULL AUTO_INCREMENT, AUTO_INCREMENT=6;

--
-- AUTO_INCREMENT for table `users`
--
ALTER TABLE `users`
  MODIFY `u_id` int(11) NOT NULL AUTO_INCREMENT, AUTO_INCREMENT=11;

--
-- AUTO_INCREMENT for table `users_orders`
--
ALTER TABLE `users_orders`
  MODIFY `o_id` int(11) NOT NULL AUTO_INCREMENT, AUTO_INCREMENT=28;
COMMIT;

/*!40101 SET CHARACTER_SET_CLIENT=@OLD_CHARACTER_SET_CLIENT */;
/*!40101 SET CHARACTER_SET_RESULTS=@OLD_CHARACTER_SET_RESULTS */;
/*!40101 SET COLLATION_CONNECTION=@OLD_COLLATION_CONNECTION */;
